<?xml version="1.0" encoding="UTF-8"?>
<ar:ApplicationResponse xmlns:ar="urn:oasis:names:specification:ubl:schema:xsd:ApplicationResponse-2" xmlns:ext="urn:oasis:names:specification:ubl:schema:xsd:CommonExtensionComponents-2" xmlns:cbc="urn:oasis:names:specification:ubl:schema:xsd:CommonBasicComponents-2" xmlns:cac="urn:oasis:names:specification:ubl:schema:xsd:CommonAggregateComponents-2" xmlns:ds="http://www.w3.org/2000/09/xmldsig#" xmlns:soap="http://schemas.xmlsoap.org/soap/envelope/"><ext:UBLExtensions><ext:UBLExtension><ext:ExtensionContent><Signature xmlns="http://www.w3.org/2000/09/xmldsig#">
<SignedInfo>
  <CanonicalizationMethod Algorithm="http://www.w3.org/2001/10/xml-exc-c14n#WithComments"/>
  <SignatureMethod Algorithm="http://www.w3.org/2001/04/xmldsig-more#rsa-sha512"/>
  <Reference URI="">
    <Transforms>
      <Transform Algorithm="http://www.w3.org/2000/09/xmldsig#enveloped-signature"/>
      <Transform Algorithm="http://www.w3.org/2001/10/xml-exc-c14n#WithComments"/>
    </Transforms>
    <DigestMethod Algorithm="http://www.w3.org/2001/04/xmlenc#sha512"/>
    <DigestValue>i1XOtZkHBZRL3Cz+KwNr20d1B1tZ8/PZwchNWXO1v35M8PRAUAu06VIOWzrDoroxuYdFX7xmfJ575wIvu1zjFQ==</DigestValue>
  </Reference>
</SignedInfo>
    <SignatureValue>*Private key 'BetaPublicCert' not up*</SignatureValue><KeyInfo><X509Data><X509Certificate>*Named certificate 'BetaPrivateKey' not up*</X509Certificate><X509IssuerSerial><X509IssuerName>*Named certificate 'BetaPrivateKey' not up*</X509IssuerName><X509SerialNumber>*Named certificate 'BetaPrivateKey' not up*</X509SerialNumber></X509IssuerSerial></X509Data></KeyInfo></Signature></ext:ExtensionContent></ext:UBLExtension></ext:UBLExtensions><cbc:ID>1612566122467</cbc:ID><cbc:IssueDate>2021-02-05T17:51:12</cbc:IssueDate><cbc:IssueTime>00:00:00</cbc:IssueTime><cbc:ResponseDate>2021-02-05</cbc:ResponseDate><cbc:ResponseTime>17:02:02</cbc:ResponseTime><cac:Signature><cbc:ID>SignSUNAT</cbc:ID><cac:SignatoryParty><cac:PartyIdentification><cbc:ID>20131312955</cbc:ID></cac:PartyIdentification><cac:PartyName><cbc:Name>SUNAT</cbc:Name></cac:PartyName></cac:SignatoryParty><cac:DigitalSignatureAttachment><cac:ExternalReference><cbc:URI>#SignSUNAT</cbc:URI></cac:ExternalReference></cac:DigitalSignatureAttachment></cac:Signature><cbc:Note>4252 - El dato ingresado como atributo @listName es incorrecto. - INFO: 4252 (nodo: "cbc:InvoiceTypeCode/listName" valor: "SUNAT:Identificador de Tipo de Documento")</cbc:Note><cbc:Note>4317 - Debe consignar el Total Precio de Venta - INFO: 4317 (nodo: "/" valor: "")</cbc:Note><cac:SenderParty><cac:PartyIdentification><cbc:ID>20131312955</cbc:ID></cac:PartyIdentification></cac:SenderParty><cac:ReceiverParty><cac:PartyIdentification><cbc:ID>20569106207</cbc:ID></cac:PartyIdentification></cac:ReceiverParty><cac:DocumentResponse><cac:Response><cbc:ReferenceID>B001-00008453</cbc:ReferenceID><cbc:ResponseCode>0</cbc:ResponseCode><cbc:Description>La Boleta numero B001-00008453, ha sido aceptada</cbc:Description></cac:Response><cac:DocumentReference><cbc:ID>B001-00008453</cbc:ID></cac:DocumentReference><cac:RecipientParty><cac:PartyIdentification><cbc:ID>6-42863423</cbc:ID></cac:PartyIdentification></cac:RecipientParty></cac:DocumentResponse></ar:ApplicationResponse>